term,estimate,std_error,z_value,p_value,significant_0_01
C(discharge_group)[T.Other]:C(race_group)[T.Caucasian],0.018844140525793425,0.07186123942501552,0.2622295506808865,0.7931444721575259,False
C(discharge_group)[T.Other]:C(race_group)[T.Missing],0.28579470458844974,0.18839241178466093,1.5170181318933535,0.12926210621224307,False
C(discharge_group)[T.Other]:C(race_group)[T.Other],0.4971531705735254,0.1506544328078456,3.299957135729466,0.0009669959685343848,True
C(discharge_group)[T.Other]:C(medical_specialty_group)[T.Family/General Practice],0.3252795084446369,0.1801211578084826,1.8058928357017159,0.0709350803959136,False
C(discharge_group)[T.Other]:C(medical_specialty_group)[T.Internal Medicine],0.1973298877686558,0.1647274954321676,1.197917125194885,0.2309492821236162,False
C(discharge_group)[T.Other]:C(medical_specialty_group)[T.Missing],0.24568962729801735,0.15395823823086544,1.595819945208763,0.11052899890913345,False
C(discharge_group)[T.Other]:C(medical_specialty_group)[T.Other],0.3962570763668468,0.1657146706715536,2.3912009405143624,0.01679335900670067,False
C(discharge_group)[T.Other]:C(medical_specialty_group)[T.Surgery],0.6838918609077296,0.1986955544175239,3.441908214366239,0.0005776262068079226,True
C(discharge_group)[T.Other]:C(primary_diagnosis)[T.Circulatory],-0.02120437992065783,0.11124136917403447,-0.1906159558993209,0.8488264884049976,False
C(discharge_group)[T.Other]:C(primary_diagnosis)[T.Respiratory],0.10863082453112911,0.12956386336116013,0.8384345890359873,0.4017866700334697,False
C(discharge_group)[T.Other]:C(primary_diagnosis)[T.Digestive],0.027502903688463202,0.14127293530363527,0.1946792117637517,0.8456440871340812,False
C(discharge_group)[T.Other]:C(primary_diagnosis)[T.Injury],0.28483325189862396,0.14886759149897394,1.9133328418266722,0.0557054559060797,False
C(discharge_group)[T.Other]:C(primary_diagnosis)[T.Musculoskeletal],0.42256985089916,0.17527212888193508,2.4109358036257262,0.015911648869249628,False
C(discharge_group)[T.Other]:C(primary_diagnosis)[T.Genitourinary],-0.18430322570488283,0.15951408123354222,-1.1554041140421152,0.24792497798248492,False
C(discharge_group)[T.Other]:C(primary_diagnosis)[T.Neoplasms],-0.15861532637789877,0.1787970359902045,-0.8871250325793354,0.37501158817999836,False
C(discharge_group)[T.Other]:C(primary_diagnosis)[T.Other],0.20615763376621263,0.11906564038226666,1.7314620162822156,0.08336939388117218,False
C(medical_specialty_group)[T.Family/General Practice]:C(age_group)[T.>60],0.07532425147864415,0.18002181673613776,0.41841734987625795,0.6756420035861284,False
C(medical_specialty_group)[T.Internal Medicine]:C(age_group)[T.>60],-0.002581940759945049,0.16154228410398502,-0.015983064584397296,0.9872479024744121,False
C(medical_specialty_group)[T.Missing]:C(age_group)[T.>60],-0.08179261861844773,0.14723689479799593,-0.5555171394416084,0.5785409901349136,False
C(medical_specialty_group)[T.Other]:C(age_group)[T.>60],-0.10738614346116052,0.15893446053418528,-0.675663056962167,0.49925459635432723,False
C(medical_specialty_group)[T.Surgery]:C(age_group)[T.>60],-0.14416007449879142,0.19770436417501708,-0.7291699153953639,0.4658977315206406,False
C(medical_specialty_group)[T.Family/General Practice]:C(age_group)[T.<=30],-2.4783061339297587,0.9946162854508522,-2.4917208477099897,0.012712590718633208,False
C(medical_specialty_group)[T.Internal Medicine]:C(age_group)[T.<=30],-2.0023383831029467,0.901964953062692,-2.2199735990892453,0.026420559801151332,False
C(medical_specialty_group)[T.Missing]:C(age_group)[T.<=30],-1.4501560166105907,0.8584673657604683,-1.6892383734656917,0.09117375795244856,False
C(medical_specialty_group)[T.Other]:C(age_group)[T.<=30],-2.394996053987588,0.8762010599042837,-2.7333863922159805,0.006268674488547328,True
C(medical_specialty_group)[T.Surgery]:C(age_group)[T.<=30],-2.9638777292515437,1.3277936967166102,-2.232182406484282,0.02560290972662941,False
"C(primary_diagnosis)[T.Circulatory]:C(hba1c_group)[T.High, medication changed]",0.5456025052798951,0.1693773549650732,3.221224616433538,0.0012764406599056234,True
"C(primary_diagnosis)[T.Respiratory]:C(hba1c_group)[T.High, medication changed]",0.3255596673453043,0.23133777153865398,1.4072914473930034,0.15934098437303357,False
"C(primary_diagnosis)[T.Digestive]:C(hba1c_group)[T.High, medication changed]",0.511749242649005,0.2891954869239246,1.7695616487390935,0.07680019240573568,False
"C(primary_diagnosis)[T.Injury]:C(hba1c_group)[T.High, medication changed]",-0.15244580123124352,0.3616687846265697,-0.42150665943882015,0.6733851493774741,False
"C(primary_diagnosis)[T.Musculoskeletal]:C(hba1c_group)[T.High, medication changed]",0.7947488532752486,0.3618641190112748,2.1962632146197567,0.02807310905239596,False
"C(primary_diagnosis)[T.Genitourinary]:C(hba1c_group)[T.High, medication changed]",0.44261619009323666,0.3076181726943765,1.4388492923432803,0.1501932270039761,False
"C(primary_diagnosis)[T.Neoplasms]:C(hba1c_group)[T.High, medication changed]",-0.10681829939287713,0.5422758361975148,-0.1969814848138842,0.8438420268909486,False
"C(primary_diagnosis)[T.Other]:C(hba1c_group)[T.High, medication changed]",0.26703678704316036,0.2049805743823837,1.3027419200465946,0.19266288528332842,False
"C(primary_diagnosis)[T.Circulatory]:C(hba1c_group)[T.High, medication not changed]",0.5210913677264204,0.25446377421434774,2.047801771923255,0.040579426670125346,False
"C(primary_diagnosis)[T.Respiratory]:C(hba1c_group)[T.High, medication not changed]",0.3576130382378654,0.33532833598369516,1.0664563648902423,0.2862173937539487,False
"C(primary_diagnosis)[T.Digestive]:C(hba1c_group)[T.High, medication not changed]",0.19475943440394677,0.4272579602071238,0.45583570709725885,0.6485081251347746,False
"C(primary_diagnosis)[T.Injury]:C(hba1c_group)[T.High, medication not changed]",0.28097542900014083,0.48502152034638724,0.5793050766066564,0.5623833406752011,False
"C(primary_diagnosis)[T.Musculoskeletal]:C(hba1c_group)[T.High, medication not changed]",0.8017611969154219,0.530569771421805,1.5111324468540421,0.13075470933834143,False
"C(primary_diagnosis)[T.Genitourinary]:C(hba1c_group)[T.High, medication not changed]",-0.3464739973167926,0.6324642152693276,-0.5478159695869128,0.5838182720748579,False
"C(primary_diagnosis)[T.Neoplasms]:C(hba1c_group)[T.High, medication not changed]",0.7220968264325319,0.6532672555856354,1.1053620402038868,0.26900274517736833,False
"C(primary_diagnosis)[T.Other]:C(hba1c_group)[T.High, medication not changed]",0.6417737084883574,0.29401316986690995,2.182805990557726,0.029050100339135927,False
C(primary_diagnosis)[T.Circulatory]:C(hba1c_group)[T.Normal result of the test],-0.05732652671776786,0.1693921080022832,-0.33842501515475076,0.7350429257112382,False
C(primary_diagnosis)[T.Respiratory]:C(hba1c_group)[T.Normal result of the test],-0.49315114642381436,0.21130391269910792,-2.3338476799814427,0.019603699156967157,False
C(primary_diagnosis)[T.Digestive]:C(hba1c_group)[T.Normal result of the test],-0.07763742692358193,0.23396797029466418,-0.3318292962314616,0.7400181612980882,False
C(primary_diagnosis)[T.Injury]:C(hba1c_group)[T.Normal result of the test],-0.6026187102451914,0.259259839296317,-2.3243812534977226,0.020105069398368314,False
C(primary_diagnosis)[T.Musculoskeletal]:C(hba1c_group)[T.Normal result of the test],-0.09917435624176434,0.2824423378604523,-0.3511313388531853,0.7254898179383102,False
C(primary_diagnosis)[T.Genitourinary]:C(hba1c_group)[T.Normal result of the test],0.21474964284946904,0.24604801725230363,0.8727956650398834,0.3827744628621984,False
C(primary_diagnosis)[T.Neoplasms]:C(hba1c_group)[T.Normal result of the test],0.23998568497634107,0.30654019948334815,0.78288487245986,0.4336947216335014,False
C(primary_diagnosis)[T.Other]:C(hba1c_group)[T.Normal result of the test],-0.07739337875194789,0.1851174245149392,-0.418077222901846,0.6758906575556031,False
C(discharge_group)[T.Other]:time_in_hospital,-0.028033896346026363,0.0092515444377572,-3.0301855581663792,0.0024440353145173408,True
C(medical_specialty_group)[T.Family/General Practice]:time_in_hospital,-0.06213855517722876,0.026114564467550335,-2.379459755281059,0.01733803613606968,False
C(medical_specialty_group)[T.Internal Medicine]:time_in_hospital,-0.037102951654428985,0.023084431655258666,-1.6072716109507024,0.10799479902953392,False
C(medical_specialty_group)[T.Missing]:time_in_hospital,-0.058091345147940406,0.02148153531894954,-2.7042454966752865,0.006845968988704885,True
C(medical_specialty_group)[T.Other]:time_in_hospital,-0.05383892436841551,0.023569669817728546,-2.28424601552624,0.022357076610006108,False
C(medical_specialty_group)[T.Surgery]:time_in_hospital,-0.10663509805443634,0.029598046443638316,-3.602774874263908,0.0003148381882265161,True
C(primary_diagnosis)[T.Circulatory]:time_in_hospital,-0.03438710142150268,0.016927594164619173,-2.0314228405461248,0.042212119387780876,False
C(primary_diagnosis)[T.Respiratory]:time_in_hospital,-0.00809653123111887,0.01969475236116115,-0.41110094113625706,0.6809985199117896,False
C(primary_diagnosis)[T.Digestive]:time_in_hospital,-0.03392653421087318,0.021955148671992768,-1.5452655191605142,0.12228205214237779,False
C(primary_diagnosis)[T.Injury]:time_in_hospital,-0.0431367966660501,0.022519104885612925,-1.915564445619216,0.05542055876942855,False
C(primary_diagnosis)[T.Musculoskeletal]:time_in_hospital,0.02316186701544131,0.02786337343609817,0.8312657140586625,0.4058235388500503,False
C(primary_diagnosis)[T.Genitourinary]:time_in_hospital,0.04188942691618245,0.024992006671505525,1.676112985514781,0.09371606368573966,False
C(primary_diagnosis)[T.Neoplasms]:time_in_hospital,-0.04746852289304626,0.026549077112799118,-1.7879537842828455,0.07378346441548245,False
C(primary_diagnosis)[T.Other]:time_in_hospital,-0.0574002557388237,0.018044473360970568,-3.181043557800807,0.0014674556406281695,True
