candidate,fold,residual_dropout,n_blocks,ffn_dropout,ffn_d_hidden_multiplier,d_block,attention_n_heads,attention_dropout,validation_auprc,validation_auroc,validation_brier_score,best_epoch
1,1,0.0,2,0.0,2.0,96,8,0.1,0.1532985815023839,0.6305299096240382,0.08022760347829401,5
1,2,0.0,2,0.0,2.0,96,8,0.1,0.15835353605621474,0.6253923150650069,0.08009354060488316,15
1,3,0.0,2,0.0,2.0,96,8,0.1,0.17268864420563856,0.6403238644607435,0.07941127021353442,3
1,4,0.0,2,0.0,2.0,96,8,0.1,0.13595718734003864,0.6120341329601651,0.08067420378469324,4
1,5,0.0,2,0.0,2.0,96,8,0.1,0.1461777264377865,0.6418801332666186,0.08017474907424298,4
2,1,0.0,2,0.0,1.3333333333333333,64,8,0.3,0.1544338780289906,0.6301765823915786,0.08015915373650342,2
2,2,0.0,2,0.0,1.3333333333333333,64,8,0.3,0.1559569042862546,0.6331974625418983,0.07995590498082532,9
2,3,0.0,2,0.0,1.3333333333333333,64,8,0.3,0.17351495098765682,0.6409933163292288,0.07944069280267209,9
2,4,0.0,2,0.0,1.3333333333333333,64,8,0.3,0.13419305510425683,0.6091712329603007,0.08071778079617094,8
2,5,0.0,2,0.0,1.3333333333333333,64,8,0.3,0.14921242693642695,0.640855276628577,0.08019244775628612,22
3,1,0.1,4,0.0,2.0,96,4,0.3,0.15329026579235974,0.6282319288688656,0.08036583053439354,3
3,2,0.1,4,0.0,2.0,96,4,0.3,0.15505650903551882,0.6321897353700865,0.08024023797242955,6
3,3,0.1,4,0.0,2.0,96,4,0.3,0.17233689522076578,0.6428839720720464,0.07942449842377505,4
3,4,0.1,4,0.0,2.0,96,4,0.3,0.1363288758173049,0.6096680674035112,0.08121322283995755,6
3,5,0.1,4,0.0,2.0,96,4,0.3,0.14585797838099002,0.6405985878728462,0.08027481168282383,8
4,1,0.1,3,0.0,2.0,64,4,0.2,0.15377790450099832,0.6313364704098596,0.08015127827618004,3
4,2,0.1,3,0.0,2.0,64,4,0.2,0.15701308919119705,0.6318534653143664,0.08002314995549319,8
4,3,0.1,3,0.0,2.0,64,4,0.2,0.17194340466920438,0.6404754640534043,0.07958087875882118,6
4,4,0.1,3,0.0,2.0,64,4,0.2,0.1352593368966037,0.6121740710456983,0.0808138237888651,16
4,5,0.1,3,0.0,2.0,64,4,0.2,0.1460647543788442,0.6349119759610234,0.0802816686042506,4
5,1,0.1,4,0.0,2.0,64,4,0.1,0.15225597246925585,0.6260227537322728,0.08064141482117743,2
5,2,0.1,4,0.0,2.0,64,4,0.1,0.15438810596050404,0.6331133950279684,0.07998454336328996,11
5,3,0.1,4,0.0,2.0,64,4,0.1,0.17258269611384286,0.6419456275450223,0.07972776207290148,8
5,4,0.1,4,0.0,2.0,64,4,0.1,0.1358845090546103,0.6134709391174409,0.08158413855732045,3
5,5,0.1,4,0.0,2.0,64,4,0.1,0.14747161421831934,0.6422055706748352,0.08051973836060551,13
6,1,0.1,4,0.1,1.3333333333333333,64,4,0.2,0.15300593077888378,0.6225189930309248,0.08012493851567838,3
6,2,0.1,4,0.1,1.3333333333333333,64,4,0.2,0.15707680093375576,0.6363145939038191,0.07997763659420593,9
6,3,0.1,4,0.1,1.3333333333333333,64,4,0.2,0.17263460279686516,0.6433035151308055,0.0804292232308812,7
6,4,0.1,4,0.1,1.3333333333333333,64,4,0.2,0.13543235629320294,0.6098450239942289,0.0806230055161153,5
6,5,0.1,4,0.1,1.3333333333333333,64,4,0.2,0.14702484821457873,0.6390104533207497,0.08028361890187245,12
7,1,0.1,4,0.2,1.3333333333333333,64,4,0.3,0.15430675356072907,0.6255037282114875,0.08029386411726855,3
7,2,0.1,4,0.2,1.3333333333333333,64,4,0.3,0.15570288445980485,0.6335631088464475,0.08005349965793992,11
7,3,0.1,4,0.2,1.3333333333333333,64,4,0.3,0.17229601892790708,0.6436110534815701,0.07940122442712998,7
7,4,0.1,4,0.2,1.3333333333333333,64,4,0.3,0.13477280626308208,0.6106201074214646,0.08070371096710259,13
7,5,0.1,4,0.2,1.3333333333333333,64,4,0.3,0.148354996365955,0.6438695050232619,0.08015553862497748,19
8,1,0.0,4,0.1,1.3333333333333333,64,4,0.2,0.15704868996086208,0.6336145511255028,0.0799147451942197,3
8,2,0.0,4,0.1,1.3333333333333333,64,4,0.2,0.15672249703937122,0.6331364086791247,0.08000732835372631,12
8,3,0.0,4,0.1,1.3333333333333333,64,4,0.2,0.17405930274482545,0.6455604235567868,0.07945760130292776,2
8,4,0.0,4,0.1,1.3333333333333333,64,4,0.2,0.13458973190847756,0.6068687632971691,0.08084236723526105,7
8,5,0.0,4,0.1,1.3333333333333333,64,4,0.2,0.14615808048644163,0.6417993163102449,0.08009484486404007,10
9,1,0.1,4,0.2,1.3333333333333333,96,8,0.2,0.1530012431451922,0.6314482896795959,0.08004011151542073,2
9,2,0.1,4,0.2,1.3333333333333333,96,8,0.2,0.154854818716583,0.63310757392797,0.08012377510420952,7
9,3,0.1,4,0.2,1.3333333333333333,96,8,0.2,0.17246205332709494,0.6413689253378786,0.07947116470428855,5
9,4,0.1,4,0.2,1.3333333333333333,96,8,0.2,0.13539389504918192,0.6146053596829155,0.08089318396076381,2
9,5,0.1,4,0.2,1.3333333333333333,96,8,0.2,0.14786455200240037,0.6426889808249566,0.08014234562548045,9
10,1,0.1,2,0.2,1.3333333333333333,96,4,0.3,0.15297198278040725,0.6306563493309796,0.08032503627632216,3
10,2,0.1,2,0.2,1.3333333333333333,96,4,0.3,0.15592450580687428,0.6322272340840296,0.08024654629505518,8
10,3,0.1,2,0.2,1.3333333333333333,96,4,0.3,0.17376835564819393,0.6427372540405089,0.07967695455824077,8
10,4,0.1,2,0.2,1.3333333333333333,96,4,0.3,0.13848617649657635,0.6081348504140512,0.08071536381945016,30
10,5,0.1,2,0.2,1.3333333333333333,96,4,0.3,0.1477645619964012,0.6465729406931003,0.07999233556970707,14
